local_time,utc_time,elapsed_min,latitude,longitude,altitude_ft,course_deg,ground_speed_kt,bank_deg,pitch_deg,vertical_rate_fpm_30s,cumulative_distance_nm
2026-02-22 16:46:52 CST,2026-02-22T22:46:52Z,0.0,32.232,-98.202,2231.045,356.784,83.044,0.0,0.0,,0.0
2026-02-22 16:47:07 CST,2026-02-22T22:47:07Z,0.25,32.226,-98.202,2205.412,153.904,101.585,-4.509,2.662,,0.345
2026-02-22 16:47:22 CST,2026-02-22T22:47:22Z,0.5,32.22,-98.198,2248.455,154.448,106.296,2.382,1.802,34.82,0.782
2026-02-22 16:47:37 CST,2026-02-22T22:47:37Z,0.75,32.213,-98.194,2230.91,143.788,106.267,1.179,0.862,50.996,1.226
2026-02-22 16:47:52 CST,2026-02-22T22:47:52Z,1.0,32.207,-98.19,2217.71,150.503,105.466,1.202,1.582,-61.49,1.668
2026-02-22 16:48:07 CST,2026-02-22T22:48:07Z,1.25,32.2,-98.186,2225.448,153.071,96.489,-0.341,2.628,-10.924,2.099
2026-02-22 16:48:22 CST,2026-02-22T22:48:22Z,1.5,32.194,-98.183,2110.739,151.617,94.401,-1.774,0.414,-213.942,2.492
2026-02-22 16:48:37 CST,2026-02-22T22:48:37Z,1.75,32.19,-98.179,1981.559,98.3,84.278,-18.08,-0.142,-487.778,2.869
2026-02-22 16:48:52 CST,2026-02-22T22:48:52Z,2.0,32.191,-98.172,1841.73,58.25,74.516,0.819,3.461,-538.019,3.209
2026-02-22 16:49:07 CST,2026-02-22T22:49:07Z,2.25,32.194,-98.167,1707.835,34.643,70.519,-16.946,1.686,-547.448,3.507
2026-02-22 16:49:22 CST,2026-02-22T22:49:22Z,2.5,32.198,-98.166,1623.549,339.828,73.77,-9.742,3.23,-436.361,3.807
2026-02-22 16:49:37 CST,2026-02-22T22:49:37Z,2.75,32.203,-98.169,1545.465,324.238,75.152,-0.61,1.426,-324.741,4.118
2026-02-22 16:49:52 CST,2026-02-22T22:49:52Z,3.0,32.207,-98.172,1423.466,323.559,71.003,0.935,2.137,-400.167,4.426
2026-02-22 16:50:07 CST,2026-02-22T22:50:07Z,3.25,32.211,-98.175,1304.319,326.407,61.211,-0.691,6.583,-482.292,4.711
2026-02-22 16:50:22 CST,2026-02-22T22:50:22Z,3.5,32.215,-98.177,1290.352,325.042,32.303,0.0,0.0,-266.227,4.929
2026-02-22 16:50:37 CST,2026-02-22T22:50:37Z,3.75,32.216,-98.178,1298.095,326.097,18.602,0.0,0.0,-12.448,5.022
2026-02-22 16:50:52 CST,2026-02-22T22:50:52Z,4.0,32.217,-98.179,1302.405,287.97,10.951,0.0,0.0,24.106,5.089
2026-02-22 16:51:07 CST,2026-02-22T22:51:07Z,4.25,32.217,-98.18,1300.887,288.278,7.413,0.0,0.0,5.585,5.128
2026-02-22 16:51:22 CST,2026-02-22T22:51:22Z,4.5,32.217,-98.18,1305.655,326.531,7.38,0.0,0.0,6.499,5.157
2026-02-22 16:51:37 CST,2026-02-22T22:51:37Z,4.75,32.218,-98.18,1309.249,313.082,5.921,0.0,0.0,16.723,5.186
2026-02-22 16:51:52 CST,2026-02-22T22:51:52Z,5.0,32.218,-98.18,1308.242,300.546,4.013,0.0,0.0,5.174,5.207
2026-02-22 16:52:07 CST,2026-02-22T22:52:07Z,5.25,32.218,-98.181,1312.903,322.636,0.853,0.0,0.0,7.308,5.22
2026-02-22 16:52:22 CST,2026-02-22T22:52:22Z,5.5,32.218,-98.181,1313.758,330.995,0.49,0.0,0.0,11.032,5.222
2026-02-22 16:52:37 CST,2026-02-22T22:52:37Z,5.75,32.218,-98.181,1313.783,330.995,0.328,0.0,0.0,1.76,5.224
2026-02-22 16:52:52 CST,2026-02-22T22:52:52Z,6.0,32.218,-98.181,1314.816,330.995,0.305,0.0,0.0,2.117,5.225
2026-02-22 16:53:07 CST,2026-02-22T22:53:07Z,6.25,32.218,-98.181,1311.684,80.755,0.859,0.0,0.0,-4.197,5.229
2026-02-22 16:53:22 CST,2026-02-22T22:53:22Z,6.5,32.218,-98.181,1312.008,63.68,0.021,0.0,0.0,-5.616,5.23
2026-02-22 16:53:37 CST,2026-02-22T22:53:37Z,6.75,32.218,-98.181,1311.999,63.68,0.013,0.0,0.0,0.63,5.23
2026-02-22 16:53:52 CST,2026-02-22T22:53:52Z,7.0,32.218,-98.181,1311.923,63.68,0.012,0.0,0.0,-0.171,5.23
2026-02-22 16:54:07 CST,2026-02-22T22:54:07Z,7.25,32.218,-98.181,1311.848,63.68,0.011,0.0,0.0,-0.304,5.23
2026-02-22 16:54:22 CST,2026-02-22T22:54:22Z,7.5,32.218,-98.181,1311.733,63.68,0.012,0.0,0.0,-0.378,5.23
2026-02-22 16:54:37 CST,2026-02-22T22:54:37Z,7.75,32.218,-98.181,1311.601,63.68,0.01,0.0,0.0,-0.494,5.231
2026-02-22 16:54:52 CST,2026-02-22T22:54:52Z,8.0,32.218,-98.181,1311.44,63.68,0.014,0.0,0.0,-0.586,5.231
2026-02-22 16:55:07 CST,2026-02-22T22:55:07Z,8.25,32.218,-98.181,1311.269,63.68,0.014,0.0,0.0,-0.663,5.231
2026-02-22 16:55:22 CST,2026-02-22T22:55:22Z,8.5,32.218,-98.181,1311.068,63.68,0.013,0.0,0.0,-0.745,5.231
2026-02-22 16:55:37 CST,2026-02-22T22:55:37Z,8.75,32.218,-98.181,1310.94,63.68,0.012,0.0,0.0,-0.657,5.231
2026-02-22 16:55:52 CST,2026-02-22T22:55:52Z,9.0,32.218,-98.181,1310.758,63.68,0.014,0.0,0.0,-0.621,5.231
2026-02-22 16:56:07 CST,2026-02-22T22:56:07Z,9.25,32.218,-98.181,1310.549,63.68,0.012,0.0,0.0,-0.783,5.231
2026-02-22 16:56:22 CST,2026-02-22T22:56:22Z,9.5,32.218,-98.181,1310.463,63.68,0.008,0.0,0.0,-0.588,5.231
2026-02-22 16:56:37 CST,2026-02-22T22:56:37Z,9.75,32.218,-98.181,1310.553,63.68,0.007,0.0,0.0,0.008,5.231
2026-02-22 16:56:52 CST,2026-02-22T22:56:52Z,10.0,32.218,-98.181,1310.638,63.68,0.008,0.0,0.0,0.349,5.231
2026-02-22 16:57:07 CST,2026-02-22T22:57:07Z,10.25,32.218,-98.181,1310.575,63.68,0.011,0.0,0.0,0.045,5.231
2026-02-22 16:57:22 CST,2026-02-22T22:57:22Z,10.5,32.218,-98.181,1310.506,63.68,0.012,0.0,0.0,-0.263,5.231
2026-02-22 16:57:37 CST,2026-02-22T22:57:37Z,10.75,32.218,-98.181,1310.427,63.68,0.008,0.0,0.0,-0.297,5.231
2026-02-22 16:57:52 CST,2026-02-22T22:57:52Z,11.0,32.218,-98.181,1310.362,63.68,0.009,0.0,0.0,-0.287,5.231
2026-02-22 16:58:07 CST,2026-02-22T22:58:07Z,11.25,32.218,-98.181,1310.322,63.68,0.009,0.0,0.0,-0.21,5.231
2026-02-22 16:58:22 CST,2026-02-22T22:58:22Z,11.5,32.218,-98.181,1310.332,63.68,0.007,0.0,0.0,-0.06,5.231
2026-02-22 16:58:37 CST,2026-02-22T22:58:37Z,11.75,32.218,-98.181,1310.392,63.68,0.008,0.0,0.0,0.141,5.231
2026-02-22 16:58:52 CST,2026-02-22T22:58:52Z,12.0,32.218,-98.181,1310.375,63.68,0.008,0.0,0.0,0.085,5.231
2026-02-22 16:59:07 CST,2026-02-22T22:59:07Z,12.25,32.218,-98.181,1310.346,63.68,0.009,0.0,0.0,-0.092,5.231
2026-02-22 16:59:22 CST,2026-02-22T22:59:22Z,12.5,32.218,-98.181,1310.302,63.68,0.057,0.0,0.0,-0.145,5.231
2026-02-22 16:59:37 CST,2026-02-22T22:59:37Z,12.75,32.218,-98.181,1310.991,63.68,0.184,0.0,0.0,1.289,5.232
2026-02-22 16:59:52 CST,2026-02-22T22:59:52Z,13.0,32.218,-98.181,1309.664,63.68,0.022,0.0,0.0,-1.277,5.233
2026-02-22 17:00:07 CST,2026-02-22T23:00:07Z,13.25,32.218,-98.181,1309.564,63.68,0.012,0.0,0.0,-2.852,5.233
2026-02-22 17:00:22 CST,2026-02-22T23:00:22Z,13.5,32.218,-98.181,1309.447,63.68,0.018,0.0,0.0,-0.434,5.233
2026-02-22 17:00:37 CST,2026-02-22T23:00:37Z,13.75,32.218,-98.181,1303.724,63.68,0.166,0.0,0.0,-11.68,5.233
2026-02-22 17:00:52 CST,2026-02-22T23:00:52Z,14.0,32.218,-98.181,1302.312,63.68,0.01,0.0,0.0,-14.268,5.233
2026-02-22 17:01:07 CST,2026-02-22T23:01:07Z,14.25,32.218,-98.181,1302.164,63.68,0.009,0.0,0.0,-3.122,5.234
2026-02-22 17:01:22 CST,2026-02-22T23:01:22Z,14.5,32.218,-98.181,1301.994,63.68,0.009,0.0,0.0,-0.636,5.234
2026-02-22 17:01:37 CST,2026-02-22T23:01:37Z,14.75,32.218,-98.181,1301.869,63.68,0.011,0.0,0.0,-0.59,5.234
2026-02-22 17:01:52 CST,2026-02-22T23:01:52Z,15.0,32.218,-98.181,1301.699,63.68,0.011,0.0,0.0,-0.591,5.234
2026-02-22 17:02:07 CST,2026-02-22T23:02:07Z,15.25,32.218,-98.181,1301.474,63.68,0.012,0.0,0.0,-0.789,5.234
2026-02-22 17:02:22 CST,2026-02-22T23:02:22Z,15.5,32.218,-98.181,1301.234,63.68,0.01,0.0,0.0,-0.929,5.234
2026-02-22 17:02:37 CST,2026-02-22T23:02:37Z,15.75,32.218,-98.181,1301.048,63.68,0.01,0.0,0.0,-0.852,5.234
2026-02-22 17:02:52 CST,2026-02-22T23:02:52Z,16.0,32.218,-98.181,1300.906,63.68,0.009,0.0,0.0,-0.657,5.234
2026-02-22 17:03:07 CST,2026-02-22T23:03:07Z,16.25,32.218,-98.181,1300.784,63.68,0.008,0.0,0.0,-0.529,5.234
2026-02-22 17:03:22 CST,2026-02-22T23:03:22Z,16.5,32.218,-98.181,1300.61,63.68,0.011,0.0,0.0,-0.592,5.234
2026-02-22 17:03:37 CST,2026-02-22T23:03:37Z,16.75,32.218,-98.181,1300.436,63.68,0.009,0.0,0.0,-0.695,5.234
2026-02-22 17:03:52 CST,2026-02-22T23:03:52Z,17.0,32.218,-98.181,1300.31,63.68,0.01,0.0,0.0,-0.599,5.234
2026-02-22 17:04:07 CST,2026-02-22T23:04:07Z,17.25,32.218,-98.181,1300.199,63.68,0.01,0.0,0.0,-0.474,5.234
2026-02-22 17:04:22 CST,2026-02-22T23:04:22Z,17.5,32.218,-98.181,1300.039,63.68,0.01,0.0,0.0,-0.542,5.234
2026-02-22 17:04:37 CST,2026-02-22T23:04:37Z,17.75,32.218,-98.181,1299.925,63.68,0.009,0.0,0.0,-0.548,5.234
2026-02-22 17:04:52 CST,2026-02-22T23:04:52Z,18.0,32.218,-98.181,1299.846,63.68,0.011,0.0,0.0,-0.386,5.234
2026-02-22 17:05:07 CST,2026-02-22T23:05:07Z,18.25,32.218,-98.181,1299.761,63.68,0.009,0.0,0.0,-0.329,5.234
2026-02-22 17:05:22 CST,2026-02-22T23:05:22Z,18.5,32.218,-98.181,1299.689,63.68,0.009,0.0,0.0,-0.313,5.234
2026-02-22 17:05:37 CST,2026-02-22T23:05:37Z,18.75,32.218,-98.181,1299.636,63.68,0.037,0.0,0.0,-0.249,5.234
2026-02-22 17:05:52 CST,2026-02-22T23:05:52Z,19.0,32.218,-98.181,1299.932,63.68,0.095,0.0,0.0,0.487,5.235
2026-02-22 17:06:07 CST,2026-02-22T23:06:07Z,19.25,32.218,-98.181,1300.679,63.68,0.154,0.0,0.0,2.085,5.238
2026-02-22 17:06:22 CST,2026-02-22T23:06:22Z,19.5,32.218,-98.181,1301.425,63.68,0.212,0.0,0.0,2.985,5.24
2026-02-22 17:06:37 CST,2026-02-22T23:06:37Z,19.75,32.218,-98.181,1302.172,63.68,0.271,0.0,0.0,2.985,5.243
2026-02-22 17:06:52 CST,2026-02-22T23:06:52Z,20.0,32.218,-98.181,1302.918,63.68,0.33,0.0,0.0,2.985,5.246
2026-02-22 17:07:07 CST,2026-02-22T23:07:07Z,20.25,32.218,-98.181,1303.664,63.68,0.388,0.0,0.0,2.985,5.248
2026-02-22 17:07:22 CST,2026-02-22T23:07:22Z,20.5,32.218,-98.181,1304.411,63.68,0.447,0.0,0.0,2.985,5.251
2026-02-22 17:07:37 CST,2026-02-22T23:07:37Z,20.75,32.218,-98.181,1305.157,63.68,0.506,0.0,0.0,2.985,5.253
2026-02-22 17:07:52 CST,2026-02-22T23:07:52Z,21.0,32.218,-98.181,1305.319,63.68,0.565,0.0,0.0,1.817,5.256
2026-02-22 17:08:07 CST,2026-02-22T23:08:07Z,21.25,32.218,-98.181,1308.291,63.68,0.622,0.0,0.0,6.269,5.281
2026-02-22 17:08:22 CST,2026-02-22T23:08:22Z,21.5,32.218,-98.18,1309.442,113.233,4.651,0.0,0.0,8.247,5.285
2026-02-22 17:08:37 CST,2026-02-22T23:08:37Z,21.75,32.217,-98.18,1309.64,146.02,12.585,0.0,0.0,2.698,5.32
2026-02-22 17:08:52 CST,2026-02-22T23:08:52Z,22.0,32.217,-98.18,1304.024,146.621,13.023,0.0,0.0,-10.837,5.377
2026-02-22 17:09:07 CST,2026-02-22T23:09:07Z,22.25,32.216,-98.179,1298.706,146.155,10.471,0.0,0.0,-21.868,5.427
2026-02-22 17:09:22 CST,2026-02-22T23:09:22Z,22.5,32.215,-98.179,1293.849,146.269,9.759,0.0,0.0,-20.35,5.469
2026-02-22 17:09:37 CST,2026-02-22T23:09:37Z,22.75,32.215,-98.178,1293.302,146.07,11.592,0.0,0.0,-10.807,5.512
2026-02-22 17:09:52 CST,2026-02-22T23:09:52Z,23.0,32.214,-98.178,1291.523,145.898,12.673,0.0,0.0,-4.652,5.563
2026-02-22 17:10:07 CST,2026-02-22T23:10:07Z,23.25,32.213,-98.177,1290.817,147.158,13.846,0.0,0.0,-4.971,5.617
2026-02-22 17:10:22 CST,2026-02-22T23:10:22Z,23.5,32.212,-98.176,1291.224,145.749,15.567,0.0,0.0,-0.599,5.678
2026-02-22 17:10:37 CST,2026-02-22T23:10:37Z,23.75,32.211,-98.176,1288.709,146.354,12.119,0.0,0.0,-4.215,5.739
2026-02-22 17:10:52 CST,2026-02-22T23:10:52Z,24.0,32.211,-98.175,1285.713,144.925,9.722,0.0,0.0,-11.021,5.791
2026-02-22 17:11:07 CST,2026-02-22T23:11:07Z,24.25,32.21,-98.175,1282.893,112.798,1.604,0.0,0.0,-11.632,5.813
2026-02-22 17:11:22 CST,2026-02-22T23:11:22Z,24.5,32.21,-98.175,1282.125,356.8,0.042,0.0,0.0,-7.176,5.815
2026-02-22 17:11:37 CST,2026-02-22T23:11:37Z,24.75,32.21,-98.175,1282.347,356.8,0.014,0.0,0.0,-1.091,5.815
2026-02-22 17:11:52 CST,2026-02-22T23:11:52Z,25.0,32.21,-98.175,1282.437,356.8,0.016,0.0,0.0,0.623,5.815
2026-02-22 17:12:07 CST,2026-02-22T23:12:07Z,25.25,32.21,-98.175,1282.487,356.8,0.047,0.0,0.0,0.281,5.815
2026-02-22 17:12:22 CST,2026-02-22T23:12:22Z,25.5,32.21,-98.175,1281.364,356.8,0.047,0.0,0.0,-2.146,5.815
2026-02-22 17:12:37 CST,2026-02-22T23:12:37Z,25.75,32.21,-98.175,1281.618,356.8,0.005,0.0,0.0,-1.739,5.815
2026-02-22 17:12:52 CST,2026-02-22T23:12:52Z,26.0,32.21,-98.175,1281.57,356.8,0.005,0.0,0.0,0.413,5.815
2026-02-22 17:13:07 CST,2026-02-22T23:13:07Z,26.25,32.21,-98.175,1281.531,356.8,0.003,0.0,0.0,-0.174,5.815
2026-02-22 17:13:22 CST,2026-02-22T23:13:22Z,26.5,32.21,-98.175,1281.5,356.8,0.002,0.0,0.0,-0.141,5.815
2026-02-22 17:13:37 CST,2026-02-22T23:13:37Z,26.75,32.21,-98.175,1281.462,356.8,0.002,0.0,0.0,-0.139,5.815
2026-02-22 17:13:52 CST,2026-02-22T23:13:52Z,27.0,32.21,-98.175,1281.458,356.8,0.004,0.0,0.0,-0.085,5.815
2026-02-22 17:14:07 CST,2026-02-22T23:14:07Z,27.25,32.21,-98.175,1281.513,356.8,0.003,0.0,0.0,0.103,5.816
2026-02-22 17:14:22 CST,2026-02-22T23:14:22Z,27.5,32.21,-98.175,1281.524,356.8,0.003,0.0,0.0,0.132,5.816
2026-02-22 17:14:37 CST,2026-02-22T23:14:37Z,27.75,32.21,-98.175,1281.53,356.8,0.003,0.0,0.0,0.035,5.816
2026-02-22 17:14:52 CST,2026-02-22T23:14:52Z,28.0,32.21,-98.175,1281.527,356.8,0.003,0.0,0.0,0.006,5.816
2026-02-22 17:15:07 CST,2026-02-22T23:15:07Z,28.25,32.21,-98.175,1281.525,356.8,0.004,0.0,0.0,-0.009,5.816
2026-02-22 17:15:22 CST,2026-02-22T23:15:22Z,28.5,32.21,-98.175,1282.128,356.8,0.125,0.0,0.0,1.202,5.816
2026-02-22 17:15:37 CST,2026-02-22T23:15:37Z,28.75,32.21,-98.175,1280.686,356.8,0.037,0.0,0.0,-1.678,5.816
2026-02-22 17:15:52 CST,2026-02-22T23:15:52Z,29.0,32.21,-98.175,1281.215,288.121,0.903,0.0,0.0,-1.826,5.816
2026-02-22 17:16:07 CST,2026-02-22T23:16:07Z,29.25,32.21,-98.175,1281.564,113.384,5.556,0.0,0.0,1.755,5.828
2026-02-22 17:16:22 CST,2026-02-22T23:16:22Z,29.5,32.21,-98.174,1277.456,44.73,6.656,0.0,0.0,-7.518,5.856
2026-02-22 17:16:37 CST,2026-02-22T23:16:37Z,29.75,32.211,-98.174,1280.413,325.933,22.126,0.0,0.0,-2.301,5.885
2026-02-22 17:16:52 CST,2026-02-22T23:16:52Z,30.0,32.213,-98.176,1299.982,325.501,63.722,-0.345,9.703,45.052,6.055
2026-02-22 17:17:07 CST,2026-02-22T23:17:07Z,30.25,32.217,-98.179,1416.231,326.862,76.026,0.11,9.517,271.634,6.354
2026-02-22 17:17:22 CST,2026-02-22T23:17:22Z,30.5,32.222,-98.182,1610.592,327.55,74.334,1.035,10.525,621.22,6.67
2026-02-22 17:17:37 CST,2026-02-22T23:17:37Z,30.75,32.227,-98.185,1813.468,329.614,73.599,0.829,11.171,794.476,6.978
2026-02-22 17:17:52 CST,2026-02-22T23:17:52Z,31.0,32.231,-98.188,2006.431,344.33,71.251,14.409,11.311,791.678,7.284
2026-02-22 17:18:07 CST,2026-02-22T23:18:07Z,31.25,32.236,-98.187,2147.516,31.255,74.849,6.811,8.071,668.094,7.581
2026-02-22 17:18:22 CST,2026-02-22T23:18:22Z,31.5,32.24,-98.183,2304.722,37.418,80.186,-1.463,11.655,596.582,7.907
2026-02-22 17:18:37 CST,2026-02-22T23:18:37Z,31.75,32.244,-98.178,2513.527,27.091,76.949,-8.56,12.663,732.023,8.236
2026-02-22 17:18:52 CST,2026-02-22T23:18:52Z,32.0,32.249,-98.176,2700.58,16.079,78.62,-1.09,11.201,791.716,8.559
2026-02-22 17:19:07 CST,2026-02-22T23:19:07Z,32.25,32.254,-98.174,2832.118,14.625,80.641,-1.15,10.104,637.182,8.89
2026-02-22 17:19:22 CST,2026-02-22T23:19:22Z,32.5,32.26,-98.171,3012.236,18.13,79.892,-0.251,8.723,623.312,9.224
2026-02-22 17:19:37 CST,2026-02-22T23:19:37Z,32.75,32.265,-98.169,3126.215,20.013,80.759,-4.747,9.691,588.194,9.56
2026-02-22 17:19:52 CST,2026-02-22T23:19:52Z,33.0,32.27,-98.167,3286.188,13.864,79.409,0.624,11.433,547.905,9.896
2026-02-22 17:20:07 CST,2026-02-22T23:20:07Z,33.25,32.275,-98.165,3418.062,13.033,80.619,2.866,9.251,583.695,10.226
2026-02-22 17:20:22 CST,2026-02-22T23:20:22Z,33.5,32.281,-98.163,3477.306,13.235,91.622,-0.484,0.642,382.235,10.575
2026-02-22 17:20:37 CST,2026-02-22T23:20:37Z,33.75,32.287,-98.16,3474.391,16.467,91.893,1.514,3.928,112.658,10.967
2026-02-22 17:20:52 CST,2026-02-22T23:20:52Z,34.0,32.293,-98.158,3471.087,19.601,93.493,-1.001,2.665,-12.437,11.353
2026-02-22 17:21:07 CST,2026-02-22T23:21:07Z,34.25,32.299,-98.155,3443.257,19.177,91.607,-0.264,1.362,-62.268,11.738
2026-02-22 17:21:22 CST,2026-02-22T23:21:22Z,34.5,32.305,-98.152,3415.401,23.6,87.498,3.364,5.426,-111.373,12.119
2026-02-22 17:21:37 CST,2026-02-22T23:21:37Z,34.75,32.31,-98.148,3448.743,29.274,80.761,-0.625,5.997,10.971,12.468
2026-02-22 17:21:52 CST,2026-02-22T23:21:52Z,35.0,32.314,-98.144,3454.094,38.96,85.975,1.67,1.967,77.386,12.802
2026-02-22 17:22:07 CST,2026-02-22T23:22:07Z,35.25,32.319,-98.139,3445.368,39.51,94.75,-0.58,3.849,-6.75,13.183
2026-02-22 17:22:22 CST,2026-02-22T23:22:22Z,35.5,32.324,-98.134,3461.701,44.192,97.886,1.851,1.053,15.214,13.582
2026-02-22 17:22:37 CST,2026-02-22T23:22:37Z,35.75,32.328,-98.128,3418.016,30.098,100.836,-10.194,-1.424,-54.704,13.995
2026-02-22 17:22:52 CST,2026-02-22T23:22:52Z,36.0,32.335,-98.124,3401.714,30.665,99.764,2.167,3.704,-119.975,14.419
2026-02-22 17:23:07 CST,2026-02-22T23:23:07Z,36.25,32.34,-98.119,3381.396,20.147,101.333,-5.824,-1.49,-73.239,14.833
2026-02-22 17:23:22 CST,2026-02-22T23:23:22Z,36.5,32.347,-98.117,3392.236,11.831,96.701,0.944,3.624,-18.956,15.254
2026-02-22 17:23:37 CST,2026-02-22T23:23:37Z,36.75,32.353,-98.115,3391.249,12.099,98.512,-1.528,0.403,19.707,15.656
2026-02-22 17:23:52 CST,2026-02-22T23:23:52Z,37.0,32.36,-98.113,3375.088,1.195,97.972,-3.065,2.828,-34.296,16.068
2026-02-22 17:24:07 CST,2026-02-22T23:24:07Z,37.25,32.367,-98.113,3397.399,1.768,97.528,1.216,0.887,12.298,16.475
2026-02-22 17:24:22 CST,2026-02-22T23:24:22Z,37.5,32.374,-98.112,3379.569,357.438,95.665,-0.662,3.319,8.962,16.881
2026-02-22 17:24:37 CST,2026-02-22T23:24:37Z,37.75,32.38,-98.112,3422.846,358.639,94.633,4.915,1.157,50.895,17.276
2026-02-22 17:24:52 CST,2026-02-22T23:24:52Z,38.0,32.387,-98.111,3351.894,14.326,95.323,2.744,2.584,-55.35,17.677
2026-02-22 17:25:07 CST,2026-02-22T23:25:07Z,38.25,32.393,-98.109,3401.019,7.963,88.76,-2.337,5.896,-43.654,18.063
2026-02-22 17:25:22 CST,2026-02-22T23:25:22Z,38.5,32.399,-98.108,3427.307,10.648,89.768,0.934,3.678,150.826,18.432
2026-02-22 17:25:37 CST,2026-02-22T23:25:37Z,38.75,32.405,-98.106,3440.891,10.432,90.049,0.203,3.32,79.744,18.806
2026-02-22 17:25:52 CST,2026-02-22T23:25:52Z,39.0,32.411,-98.104,3447.58,16.042,89.974,-1.08,3.652,40.546,19.183
2026-02-22 17:26:07 CST,2026-02-22T23:26:07Z,39.25,32.417,-98.101,3433.484,13.335,91.991,1.472,2.748,-14.813,19.561
2026-02-22 17:26:22 CST,2026-02-22T23:26:22Z,39.5,32.423,-98.099,3444.765,16.89,89.64,0.943,3.971,-5.629,19.942
2026-02-22 17:26:37 CST,2026-02-22T23:26:37Z,39.75,32.429,-98.096,3425.75,16.303,91.137,-0.327,2.678,-15.469,20.318
2026-02-22 17:26:52 CST,2026-02-22T23:26:52Z,40.0,32.435,-98.094,3440.371,18.011,89.51,0.749,4.738,-8.788,20.694
2026-02-22 17:27:07 CST,2026-02-22T23:27:07Z,40.25,32.441,-98.091,3433.725,22.205,94.162,0.691,2.263,15.95,21.074
2026-02-22 17:27:22 CST,2026-02-22T23:27:22Z,40.5,32.447,-98.087,3462.923,19.262,92.291,-4.249,3.787,45.103,21.467
2026-02-22 17:27:37 CST,2026-02-22T23:27:37Z,40.75,32.453,-98.085,3464.283,16.739,92.199,1.582,2.183,61.117,21.849
2026-02-22 17:27:52 CST,2026-02-22T23:27:52Z,41.0,32.459,-98.083,3454.968,4.37,92.26,-1.226,3.204,-15.91,22.234
2026-02-22 17:28:07 CST,2026-02-22T23:28:07Z,41.25,32.465,-98.081,3436.518,16.714,93.033,3.848,1.712,-55.53,22.62
2026-02-22 17:28:22 CST,2026-02-22T23:28:22Z,41.5,32.471,-98.078,3377.54,24.496,96.444,2.259,1.265,-154.856,23.013
2026-02-22 17:28:37 CST,2026-02-22T23:28:37Z,41.75,32.477,-98.075,3386.581,13.489,94.656,-3.722,2.285,-99.874,23.412
2026-02-22 17:28:52 CST,2026-02-22T23:28:52Z,42.0,32.483,-98.073,3341.933,12.828,95.953,-0.548,1.258,-71.215,23.809
2026-02-22 17:29:07 CST,2026-02-22T23:29:07Z,42.25,32.49,-98.071,3405.711,11.894,91.29,-0.967,4.057,38.259,24.201
2026-02-22 17:29:22 CST,2026-02-22T23:29:22Z,42.5,32.496,-98.069,3416.288,9.184,92.434,-3.039,4.23,148.712,24.587
2026-02-22 17:29:37 CST,2026-02-22T23:29:37Z,42.75,32.502,-98.068,3429.022,14.017,91.673,8.967,2.23,46.622,24.969
2026-02-22 17:29:52 CST,2026-02-22T23:29:52Z,43.0,32.508,-98.065,3410.015,4.294,92.254,-5.557,2.065,-12.548,25.351
2026-02-22 17:30:07 CST,2026-02-22T23:30:07Z,43.25,32.515,-98.065,3381.021,359.049,92.564,-1.523,2.236,-96.001,25.739
2026-02-22 17:30:22 CST,2026-02-22T23:30:22Z,43.5,32.521,-98.065,3393.234,351.749,89.711,1.428,5.222,-33.562,26.121
2026-02-22 17:30:37 CST,2026-02-22T23:30:37Z,43.75,32.527,-98.065,3439.801,2.004,91.469,-0.579,4.172,117.559,26.494
2026-02-22 17:30:52 CST,2026-02-22T23:30:52Z,44.0,32.533,-98.064,3456.374,10.029,94.689,2.86,-0.992,126.28,26.873
2026-02-22 17:31:07 CST,2026-02-22T23:31:07Z,44.25,32.54,-98.062,3425.405,13.351,95.714,-0.355,3.837,-28.792,27.28
2026-02-22 17:31:22 CST,2026-02-22T23:31:22Z,44.5,32.546,-98.06,3426.529,17.685,95.02,5.446,1.506,-59.689,27.674
2026-02-22 17:31:37 CST,2026-02-22T23:31:37Z,44.75,32.552,-98.056,3413.689,18.135,93.534,-1.951,2.342,-23.432,28.069
2026-02-22 17:31:52 CST,2026-02-22T23:31:52Z,45.0,32.558,-98.053,3415.495,27.137,92.369,5.206,2.723,-22.069,28.456
2026-02-22 17:32:07 CST,2026-02-22T23:32:07Z,45.25,32.564,-98.049,3418.903,30.575,93.443,-3.98,3.077,10.427,28.843
2026-02-22 17:32:22 CST,2026-02-22T23:32:22Z,45.5,32.569,-98.045,3433.189,25.724,94.598,0.335,2.785,35.388,29.234
2026-02-22 17:32:37 CST,2026-02-22T23:32:37Z,45.75,32.575,-98.042,3471.582,20.318,94.28,-7.175,4.503,105.358,29.631
2026-02-22 17:32:52 CST,2026-02-22T23:32:52Z,46.0,32.581,-98.04,3455.32,10.859,96.841,0.088,1.159,44.262,30.025
2026-02-22 17:33:07 CST,2026-02-22T23:33:07Z,46.25,32.588,-98.039,3443.35,353.301,96.099,0.783,2.945,-56.464,30.431
2026-02-22 17:33:22 CST,2026-02-22T23:33:22Z,46.5,32.595,-98.039,3420.437,4.373,97.261,2.744,-0.415,-69.767,30.826
2026-02-22 17:33:37 CST,2026-02-22T23:33:37Z,46.75,32.601,-98.037,3394.924,6.631,96.752,0.789,1.99,-96.853,31.234
2026-02-22 17:33:52 CST,2026-02-22T23:33:52Z,47.0,32.608,-98.036,3368.674,8.614,96.769,0.294,3.659,-103.525,31.642
2026-02-22 17:34:07 CST,2026-02-22T23:34:07Z,47.25,32.614,-98.034,3424.932,8.056,96.509,-0.735,0.797,60.017,32.036
2026-02-22 17:34:22 CST,2026-02-22T23:34:22Z,47.5,32.621,-98.032,3423.302,12.764,97.967,2.572,2.92,109.256,32.448
2026-02-22 17:34:37 CST,2026-02-22T23:34:37Z,47.75,32.627,-98.03,3399.877,14.624,98.202,-1.58,0.692,-50.111,32.852
2026-02-22 17:34:52 CST,2026-02-22T23:34:52Z,48.0,32.634,-98.027,3406.346,22.398,96.678,0.815,1.147,-33.912,33.259
2026-02-22 17:35:07 CST,2026-02-22T23:35:07Z,48.25,32.64,-98.024,3413.766,16.096,98.119,-1.163,3.462,27.778,33.666
2026-02-22 17:35:22 CST,2026-02-22T23:35:22Z,48.5,32.646,-98.021,3445.962,20.114,101.757,1.539,1.918,79.231,34.08
2026-02-22 17:35:37 CST,2026-02-22T23:35:37Z,48.75,32.653,-98.018,3441.258,14.192,103.325,-0.422,-1.709,54.985,34.503
2026-02-22 17:35:52 CST,2026-02-22T23:35:52Z,49.0,32.66,-98.015,3367.108,18.05,102.372,-0.348,1.891,-157.707,34.941
2026-02-22 17:36:07 CST,2026-02-22T23:36:07Z,49.25,32.666,-98.012,3324.949,17.44,104.266,1.078,-1.359,-232.618,35.364
2026-02-22 17:36:22 CST,2026-02-22T23:36:22Z,49.5,32.673,-98.009,3348.142,19.956,99.332,-2.55,5.204,-37.933,35.8
2026-02-22 17:36:37 CST,2026-02-22T23:36:37Z,49.75,32.679,-98.006,3376.154,20.299,97.922,0.748,-0.716,102.409,36.201
2026-02-22 17:36:52 CST,2026-02-22T23:36:52Z,50.0,32.686,-98.003,3299.385,18.15,101.664,-2.031,-0.43,-97.514,36.619
2026-02-22 17:37:07 CST,2026-02-22T23:37:07Z,50.25,32.692,-98.0,3270.932,18.104,95.558,-2.689,3.566,-210.444,37.039
2026-02-22 17:37:22 CST,2026-02-22T23:37:22Z,50.5,32.698,-97.997,3319.567,13.072,91.512,-0.033,4.007,40.363,37.423
2026-02-22 17:37:37 CST,2026-02-22T23:37:37Z,50.75,32.704,-97.995,3398.432,11.806,93.965,-0.187,2.5,255.001,37.805
2026-02-22 17:37:52 CST,2026-02-22T23:37:52Z,51.0,32.711,-97.993,3370.689,11.643,99.325,-1.154,1.154,102.245,38.209
2026-02-22 17:38:07 CST,2026-02-22T23:38:07Z,51.25,32.718,-97.992,3370.985,3.684,97.494,-0.848,1.477,-54.894,38.621
2026-02-22 17:38:22 CST,2026-02-22T23:38:22Z,51.5,32.724,-97.991,3429.813,5.092,93.867,0.391,5.897,118.249,39.025
2026-02-22 17:38:37 CST,2026-02-22T23:38:37Z,51.75,32.731,-97.989,3468.767,19.931,98.067,9.833,2.669,195.564,39.419
2026-02-22 17:38:52 CST,2026-02-22T23:38:52Z,52.0,32.736,-97.984,3495.068,51.472,102.538,11.197,1.109,130.509,39.834
2026-02-22 17:39:07 CST,2026-02-22T23:39:07Z,52.25,32.739,-97.976,3423.384,70.483,110.64,-9.049,0.077,-90.767,40.282
2026-02-22 17:39:22 CST,2026-02-22T23:39:22Z,52.5,32.742,-97.967,3387.571,68.928,112.195,9.959,-2.474,-214.994,40.739
2026-02-22 17:39:37 CST,2026-02-22T23:39:37Z,52.75,32.743,-97.958,3359.489,77.949,106.941,1.093,1.852,-127.79,41.209
2026-02-22 17:39:52 CST,2026-02-22T23:39:52Z,53.0,32.745,-97.95,3322.814,70.841,102.022,-4.342,-0.169,-129.514,41.643
2026-02-22 17:40:07 CST,2026-02-22T23:40:07Z,53.25,32.747,-97.942,3373.625,64.122,93.699,1.569,3.951,28.274,42.052
2026-02-22 17:40:22 CST,2026-02-22T23:40:22Z,53.5,32.75,-97.935,3424.465,55.799,93.509,-1.322,3.435,203.301,42.44
2026-02-22 17:40:37 CST,2026-02-22T23:40:37Z,53.75,32.753,-97.929,3423.891,51.54,97.868,-1.191,1.946,100.532,42.839
2026-02-22 17:40:52 CST,2026-02-22T23:40:52Z,54.0,32.757,-97.922,3398.172,49.157,100.193,-1.724,-0.43,-52.585,43.248
2026-02-22 17:41:07 CST,2026-02-22T23:41:07Z,54.25,32.762,-97.916,3337.273,48.151,102.176,-0.391,-0.119,-173.237,43.671
2026-02-22 17:41:22 CST,2026-02-22T23:41:22Z,54.5,32.766,-97.909,3275.743,48.702,103.677,2.687,1.149,-244.858,44.102
2026-02-22 17:41:37 CST,2026-02-22T23:41:37Z,54.75,32.77,-97.902,3343.796,59.229,97.533,3.128,4.135,13.046,44.525
2026-02-22 17:41:52 CST,2026-02-22T23:41:52Z,55.0,32.773,-97.895,3408.265,65.166,97.182,-0.865,2.617,265.043,44.928
2026-02-22 17:42:07 CST,2026-02-22T23:42:07Z,55.25,32.776,-97.888,3397.939,53.89,99.902,-3.137,0.972,108.287,45.338
2026-02-22 17:42:22 CST,2026-02-22T23:42:22Z,55.5,32.78,-97.881,3391.405,57.296,101.097,0.248,1.95,-33.719,45.759
2026-02-22 17:42:37 CST,2026-02-22T23:42:37Z,55.75,32.784,-97.874,3401.685,51.969,99.754,-0.712,2.584,7.491,46.179
2026-02-22 17:42:52 CST,2026-02-22T23:42:52Z,56.0,32.788,-97.867,3410.721,51.248,100.45,-1.274,1.568,38.632,46.595
2026-02-22 17:43:07 CST,2026-02-22T23:43:07Z,56.25,32.792,-97.86,3438.602,43.839,98.613,-1.634,1.983,73.834,47.01
2026-02-22 17:43:22 CST,2026-02-22T23:43:22Z,56.5,32.797,-97.855,3406.13,38.786,102.09,-0.188,0.517,-9.183,47.427
2026-02-22 17:43:37 CST,2026-02-22T23:43:37Z,56.75,32.802,-97.849,3422.606,37.473,99.061,-2.335,2.757,-31.991,47.851
2026-02-22 17:43:52 CST,2026-02-22T23:43:52Z,57.0,32.807,-97.844,3433.765,43.265,100.203,6.482,1.512,55.269,48.262
2026-02-22 17:44:07 CST,2026-02-22T23:44:07Z,57.25,32.812,-97.837,3414.887,58.383,102.599,4.354,0.966,-15.437,48.686
2026-02-22 17:44:22 CST,2026-02-22T23:44:22Z,57.5,32.815,-97.829,3409.078,65.33,103.201,2.908,0.698,-49.374,49.114
2026-02-22 17:44:37 CST,2026-02-22T23:44:37Z,57.75,32.817,-97.821,3386.026,76.277,104.711,0.707,-0.007,-57.723,49.547
2026-02-22 17:44:52 CST,2026-02-22T23:44:52Z,58.0,32.818,-97.813,3431.678,77.418,99.842,2.202,3.672,45.201,49.978
2026-02-22 17:45:07 CST,2026-02-22T23:45:07Z,58.25,32.819,-97.805,3445.172,83.599,100.021,-1.459,1.574,118.292,50.394
2026-02-22 17:45:22 CST,2026-02-22T23:45:22Z,58.5,32.819,-97.796,3443.386,76.784,100.826,-2.28,1.145,23.414,50.81
2026-02-22 17:45:37 CST,2026-02-22T23:45:37Z,58.75,32.821,-97.788,3455.613,77.03,100.698,1.029,2.44,20.882,51.232
2026-02-22 17:45:52 CST,2026-02-22T23:45:52Z,59.0,32.823,-97.78,3452.074,57.114,100.823,-7.735,0.62,17.378,51.651
2026-02-22 17:46:07 CST,2026-02-22T23:46:07Z,59.25,32.827,-97.773,3444.507,52.067,99.661,2.889,2.142,-22.213,52.07
2026-02-22 17:46:22 CST,2026-02-22T23:46:22Z,59.5,32.83,-97.766,3391.29,60.162,105.244,1.775,-2.572,-121.57,52.488
2026-02-22 17:46:37 CST,2026-02-22T23:46:37Z,59.75,32.834,-97.759,3368.358,56.857,104.835,-0.737,0.905,-152.298,52.933
2026-02-22 17:46:52 CST,2026-02-22T23:46:52Z,60.0,32.837,-97.751,3295.778,60.248,107.221,-1.787,0.526,-191.023,53.376
2026-02-22 17:47:07 CST,2026-02-22T23:47:07Z,60.25,32.841,-97.743,3353.668,56.843,102.239,1.324,0.748,-29.379,53.809
2026-02-22 17:47:22 CST,2026-02-22T23:47:22Z,60.5,32.844,-97.736,3414.079,57.297,97.39,1.954,3.877,236.602,54.231
2026-02-22 17:47:37 CST,2026-02-22T23:47:37Z,60.75,32.848,-97.729,3422.101,56.045,98.449,-1.974,2.53,136.864,54.639
2026-02-22 17:47:52 CST,2026-02-22T23:47:52Z,61.0,32.851,-97.722,3439.814,54.208,97.78,-2.642,0.774,51.47,55.044
2026-02-22 17:48:07 CST,2026-02-22T23:48:07Z,61.25,32.856,-97.716,3401.24,43.629,99.95,2.974,2.072,-41.722,55.459
2026-02-22 17:48:22 CST,2026-02-22T23:48:22Z,61.5,32.86,-97.709,3415.899,49.445,99.742,-5.194,0.934,-47.83,55.874
2026-02-22 17:48:37 CST,2026-02-22T23:48:37Z,61.75,32.865,-97.704,3436.18,37.276,96.222,-1.97,2.821,69.881,56.285
2026-02-22 17:48:52 CST,2026-02-22T23:48:52Z,62.0,32.87,-97.698,3416.019,43.792,101.918,4.759,0.392,0.241,56.692
2026-02-22 17:49:07 CST,2026-02-22T23:49:07Z,62.25,32.874,-97.692,3423.317,52.021,102.347,0.012,1.671,-25.725,57.123
2026-02-22 17:49:22 CST,2026-02-22T23:49:22Z,62.5,32.879,-97.685,3391.776,43.009,102.439,-0.726,0.242,-48.486,57.548
2026-02-22 17:49:37 CST,2026-02-22T23:49:37Z,62.75,32.883,-97.679,3403.396,49.995,99.679,2.737,2.246,-39.842,57.972
2026-02-22 17:49:52 CST,2026-02-22T23:49:52Z,63.0,32.887,-97.672,3429.174,52.419,98.206,-0.583,2.2,74.796,58.384
2026-02-22 17:50:07 CST,2026-02-22T23:50:07Z,63.25,32.891,-97.666,3420.984,51.811,99.448,-0.756,1.695,35.175,58.795
2026-02-22 17:50:22 CST,2026-02-22T23:50:22Z,63.5,32.895,-97.659,3436.956,52.446,99.269,2.223,2.334,15.563,59.21
2026-02-22 17:50:37 CST,2026-02-22T23:50:37Z,63.75,32.899,-97.652,3440.582,60.645,99.275,0.078,1.311,39.196,59.623
2026-02-22 17:50:52 CST,2026-02-22T23:50:52Z,64.0,32.902,-97.645,3439.472,57.404,99.843,0.531,1.767,5.032,60.037
2026-02-22 17:51:07 CST,2026-02-22T23:51:07Z,64.25,32.905,-97.637,3451.828,58.501,101.486,-1.036,0.884,22.492,60.457
2026-02-22 17:51:22 CST,2026-02-22T23:51:22Z,64.5,32.909,-97.63,3406.15,62.397,104.497,1.232,0.638,-66.644,60.886
2026-02-22 17:51:37 CST,2026-02-22T23:51:37Z,64.75,32.912,-97.622,3425.366,63.05,102.716,1.629,0.306,-52.924,61.317
2026-02-22 17:51:52 CST,2026-02-22T23:51:52Z,65.0,32.915,-97.614,3385.176,58.806,102.919,-2.03,1.351,-41.947,61.75
2026-02-22 17:52:07 CST,2026-02-22T23:52:07Z,65.25,32.918,-97.607,3399.172,59.662,100.486,1.778,1.114,-52.387,62.172
2026-02-22 17:52:22 CST,2026-02-22T23:52:22Z,65.5,32.921,-97.599,3373.023,59.433,100.684,-0.638,2.463,-24.306,62.595
2026-02-22 17:52:37 CST,2026-02-22T23:52:37Z,65.75,32.925,-97.592,3376.429,57.161,101.331,-0.844,0.702,-45.486,63.013
2026-02-22 17:52:52 CST,2026-02-22T23:52:52Z,66.0,32.928,-97.585,3388.765,52.229,99.245,1.295,2.255,31.484,63.433
2026-02-22 17:53:07 CST,2026-02-22T23:53:07Z,66.25,32.932,-97.578,3372.482,54.14,101.42,-1.613,1.017,-7.894,63.851
2026-02-22 17:53:22 CST,2026-02-22T23:53:22Z,66.5,32.936,-97.571,3373.79,55.319,100.158,8.875,1.867,-29.949,64.27
2026-02-22 17:53:37 CST,2026-02-22T23:53:37Z,66.75,32.939,-97.564,3425.523,74.287,98.258,6.0,2.974,106.082,64.685
2026-02-22 17:53:52 CST,2026-02-22T23:53:52Z,67.0,32.94,-97.556,3435.336,85.489,102.498,-0.696,1.892,123.091,65.102
2026-02-22 17:54:07 CST,2026-02-22T23:54:07Z,67.25,32.94,-97.547,3424.874,88.966,105.008,0.327,-0.308,-1.298,65.531
2026-02-22 17:54:22 CST,2026-02-22T23:54:22Z,67.5,32.939,-97.538,3412.816,92.374,106.007,1.268,0.59,-45.04,65.972
2026-02-22 17:54:37 CST,2026-02-22T23:54:37Z,67.75,32.938,-97.529,3418.272,96.153,108.25,2.503,1.446,-13.204,66.419
2026-02-22 17:54:52 CST,2026-02-22T23:54:52Z,68.0,32.937,-97.521,3439.826,94.73,107.025,-0.306,-0.341,54.021,66.866
2026-02-22 17:55:07 CST,2026-02-22T23:55:07Z,68.25,32.936,-97.512,3410.441,93.68,109.324,-2.431,0.207,-15.661,67.318
2026-02-22 17:55:22 CST,2026-02-22T23:55:22Z,68.5,32.935,-97.503,3415.183,95.173,108.52,3.867,0.389,-49.287,67.771
2026-02-22 17:55:37 CST,2026-02-22T23:55:37Z,68.75,32.934,-97.494,3451.612,105.382,107.357,2.327,0.621,82.342,68.222
2026-02-22 17:55:52 CST,2026-02-22T23:55:52Z,69.0,32.931,-97.486,3432.023,111.763,110.379,2.222,0.257,33.68,68.675
2026-02-22 17:56:07 CST,2026-02-22T23:56:07Z,69.25,32.928,-97.478,3454.756,117.477,109.04,1.947,0.37,6.287,69.133
2026-02-22 17:56:22 CST,2026-02-22T23:56:22Z,69.5,32.924,-97.47,3426.862,117.774,110.197,2.066,-0.344,-10.32,69.592
2026-02-22 17:56:37 CST,2026-02-22T23:56:37Z,69.75,32.92,-97.462,3327.805,116.968,108.535,0.835,-3.565,-253.902,70.046
2026-02-22 17:56:52 CST,2026-02-22T23:56:52Z,70.0,32.916,-97.454,3166.521,121.862,109.517,3.04,-1.893,-520.682,70.503
2026-02-22 17:57:07 CST,2026-02-22T23:57:07Z,70.25,32.911,-97.447,3053.414,126.839,108.608,-1.867,-3.059,-548.783,70.956
2026-02-22 17:57:22 CST,2026-02-22T23:57:22Z,70.5,32.908,-97.44,2918.113,100.455,104.432,-7.643,-2.445,-496.817,71.404
2026-02-22 17:57:37 CST,2026-02-22T23:57:37Z,70.75,32.907,-97.431,2791.948,94.914,102.336,1.252,-2.642,-522.931,71.833
2026-02-22 17:57:52 CST,2026-02-22T23:57:52Z,71.0,32.906,-97.423,2643.807,94.965,103.552,0.62,-2.393,-548.612,72.263
2026-02-22 17:58:07 CST,2026-02-22T23:58:07Z,71.25,32.904,-97.414,2474.842,100.51,104.834,0.2,-1.993,-634.213,72.701
2026-02-22 17:58:22 CST,2026-02-22T23:58:22Z,71.5,32.903,-97.406,2410.984,104.973,98.206,2.755,0.036,-465.646,73.126
2026-02-22 17:58:37 CST,2026-02-22T23:58:37Z,71.75,32.901,-97.398,2375.725,101.42,92.621,-0.8,3.387,-198.233,73.526
2026-02-22 17:58:52 CST,2026-02-22T23:58:52Z,72.0,32.899,-97.391,2398.071,105.491,101.035,-0.054,1.299,-25.825,73.921
2026-02-22 17:59:07 CST,2026-02-22T23:59:07Z,72.25,32.897,-97.383,2456.501,100.883,100.715,-0.578,2.662,161.551,74.345
2026-02-22 17:59:22 CST,2026-02-22T23:59:22Z,72.5,32.895,-97.375,2452.132,104.32,106.562,0.129,-0.06,108.121,74.773
2026-02-22 17:59:37 CST,2026-02-22T23:59:37Z,72.75,32.893,-97.366,2473.675,115.943,107.817,10.046,1.378,34.348,75.221
2026-02-22 17:59:52 CST,2026-02-22T23:59:52Z,73.0,32.888,-97.359,2422.54,139.856,111.124,5.67,-2.952,-59.183,75.677
2026-02-22 18:00:07 CST,2026-02-23T00:00:07Z,73.25,32.881,-97.354,2298.573,149.505,109.353,5.391,-0.808,-350.204,76.141
2026-02-22 18:00:22 CST,2026-02-23T00:00:22Z,73.5,32.874,-97.351,2216.435,154.204,108.791,1.07,-2.873,-412.209,76.591
2026-02-22 18:00:37 CST,2026-02-23T00:00:37Z,73.75,32.867,-97.347,2069.088,158.49,111.696,2.197,-3.421,-458.97,77.049
2026-02-22 18:00:52 CST,2026-02-23T00:00:52Z,74.0,32.86,-97.344,1895.914,160.509,115.466,1.678,-2.855,-641.043,77.522
2026-02-22 18:01:07 CST,2026-02-23T00:01:07Z,74.25,32.852,-97.342,1740.394,163.779,116.442,2.559,-3.177,-657.388,78.006
2026-02-22 18:01:22 CST,2026-02-23T00:01:22Z,74.5,32.844,-97.34,1600.783,166.508,114.909,1.438,-2.482,-590.263,78.489
2026-02-22 18:01:37 CST,2026-02-23T00:01:37Z,74.75,32.836,-97.339,1499.656,174.02,111.021,0.886,-2.343,-481.475,78.964
2026-02-22 18:01:52 CST,2026-02-23T00:01:52Z,75.0,32.829,-97.338,1412.015,175.033,106.842,0.926,-1.049,-377.534,79.416
2026-02-22 18:02:07 CST,2026-02-23T00:02:07Z,75.25,32.821,-97.338,1360.675,175.288,110.095,-0.721,-1.255,-277.963,79.867
2026-02-22 18:02:22 CST,2026-02-23T00:02:22Z,75.5,32.814,-97.337,1452.573,172.894,101.273,1.568,1.823,81.115,80.311
2026-02-22 18:02:37 CST,2026-02-23T00:02:37Z,75.75,32.807,-97.337,1469.266,178.281,99.07,1.405,0.805,217.181,80.731
2026-02-22 18:02:52 CST,2026-02-23T00:02:52Z,76.0,32.8,-97.337,1452.8,176.254,97.065,-1.423,1.76,0.454,81.141
2026-02-22 18:03:07 CST,2026-02-23T00:03:07Z,76.25,32.794,-97.337,1411.086,193.721,94.264,20.411,-2.031,-116.359,81.539
2026-02-22 18:03:22 CST,2026-02-23T00:03:22Z,76.5,32.79,-97.342,1295.758,256.47,83.192,6.196,2.164,-314.083,81.922
2026-02-22 18:03:37 CST,2026-02-23T00:03:37Z,76.75,32.789,-97.349,1178.259,268.398,76.472,6.594,2.932,-465.654,82.257
2026-02-22 18:03:52 CST,2026-02-23T00:03:52Z,77.0,32.79,-97.354,1105.979,309.296,65.595,12.144,7.973,-379.558,82.557
2026-02-22 18:04:07 CST,2026-02-23T00:04:07Z,77.25,32.794,-97.357,1009.74,349.635,63.838,0.058,7.919,-337.038,82.822
2026-02-22 18:04:22 CST,2026-02-23T00:04:22Z,77.5,32.798,-97.357,934.03,347.468,61.609,-0.738,10.32,-343.898,83.087
2026-02-22 18:04:37 CST,2026-02-23T00:04:37Z,77.75,32.803,-97.358,857.378,349.571,61.182,1.16,9.749,-304.724,83.341
2026-02-22 18:04:52 CST,2026-02-23T00:04:52Z,78.0,32.807,-97.359,780.538,349.117,63.869,-0.187,7.514,-306.984,83.598
2026-02-22 18:05:07 CST,2026-02-23T00:05:07Z,78.25,32.811,-97.359,682.386,350.379,57.45,-0.212,12.878,-349.984,83.864
2026-02-22 18:05:22 CST,2026-02-23T00:05:22Z,78.5,32.815,-97.36,668.472,349.396,33.397,0.0,0.0,-224.132,84.074
2026-02-22 18:05:37 CST,2026-02-23T00:05:37Z,78.75,32.816,-97.36,669.365,350.078,13.664,0.0,0.0,-26.041,84.163
2026-02-22 18:05:52 CST,2026-02-23T00:05:52Z,79.0,32.817,-97.36,667.714,9.687,10.319,0.0,0.0,-1.516,84.213
2026-02-22 18:06:07 CST,2026-02-23T00:06:07Z,79.25,32.817,-97.36,669.154,96.871,8.077,0.0,0.0,-0.423,84.253
2026-02-22 18:06:22 CST,2026-02-23T00:06:22Z,79.5,32.817,-97.359,668.668,177.343,0.199,0.0,0.0,1.909,84.271
2026-02-22 18:06:37 CST,2026-02-23T00:06:37Z,79.75,32.817,-97.359,668.271,177.343,0.011,0.0,0.0,-1.766,84.272
2026-02-22 18:06:52 CST,2026-02-23T00:06:52Z,80.0,32.817,-97.359,668.107,177.343,0.01,0.0,0.0,-1.123,84.272
2026-02-22 18:07:07 CST,2026-02-23T00:07:07Z,80.25,32.817,-97.359,668.047,177.334,0.316,0.0,0.0,-0.447,84.272
2026-02-22 18:07:22 CST,2026-02-23T00:07:22Z,80.5,32.817,-97.359,669.19,26.774,9.046,0.0,0.0,2.167,84.283
2026-02-22 18:07:37 CST,2026-02-23T00:07:37Z,80.75,32.818,-97.359,678.189,350.363,14.492,0.0,0.0,20.285,84.335
2026-02-22 18:07:52 CST,2026-02-23T00:07:52Z,81.0,32.819,-97.359,686.181,348.176,11.863,0.0,0.0,33.982,84.392
2026-02-22 18:08:07 CST,2026-02-23T00:08:07Z,81.25,32.82,-97.359,678.571,56.47,9.03,0.0,0.0,0.763,84.434
2026-02-22 18:08:22 CST,2026-02-23T00:08:22Z,81.5,32.82,-97.359,674.767,78.429,8.791,0.0,0.0,-22.828,84.473
2026-02-22 18:08:37 CST,2026-02-23T00:08:37Z,81.75,32.82,-97.358,673.861,79.104,7.699,0.0,0.0,-9.42,84.507
2026-02-22 18:08:52 CST,2026-02-23T00:08:52Z,82.0,32.82,-97.357,673.544,112.045,8.913,0.0,0.0,-2.446,84.539
2026-02-22 18:09:07 CST,2026-02-23T00:09:07Z,82.25,32.819,-97.357,679.055,136.34,12.922,0.0,0.0,10.388,84.583
2026-02-22 18:09:22 CST,2026-02-23T00:09:22Z,82.5,32.819,-97.356,679.995,136.173,12.923,0.0,0.0,12.902,84.64
2026-02-22 18:09:37 CST,2026-02-23T00:09:37Z,82.75,32.818,-97.355,679.144,60.398,7.975,0.0,0.0,0.178,84.686
2026-02-22 18:09:52 CST,2026-02-23T00:09:52Z,83.0,32.819,-97.355,680.967,46.208,8.803,0.0,0.0,1.944,84.718
2026-02-22 18:10:07 CST,2026-02-23T00:10:07Z,83.25,32.819,-97.354,681.569,46.415,8.016,0.0,0.0,4.851,84.758
2026-02-22 18:10:22 CST,2026-02-23T00:10:22Z,83.5,32.819,-97.354,680.286,10.935,4.872,0.0,0.0,-1.363,84.786
2026-02-22 18:10:37 CST,2026-02-23T00:10:37Z,83.75,32.82,-97.354,678.282,72.344,1.23,0.0,0.0,-6.574,84.799
2026-02-22 18:10:52 CST,2026-02-23T00:10:52Z,84.0,32.82,-97.354,675.079,177.249,0.121,0.0,0.0,-10.414,84.801
2026-02-22 18:11:07 CST,2026-02-23T00:11:07Z,84.25,32.82,-97.354,674.849,177.249,0.019,0.0,0.0,-6.866,84.801
2026-02-22 18:11:22 CST,2026-02-23T00:11:22Z,84.5,32.82,-97.354,674.519,177.249,0.01,0.0,0.0,-1.119,84.801
2026-02-22 18:11:37 CST,2026-02-23T00:11:37Z,84.75,32.82,-97.354,674.392,177.249,0.005,0.0,0.0,-0.914,84.801
2026-02-22 18:11:52 CST,2026-02-23T00:11:52Z,85.0,32.82,-97.354,675.476,177.249,0.324,0.0,0.0,1.913,84.802
2026-02-22 18:12:07 CST,2026-02-23T00:12:07Z,85.25,32.82,-97.354,673.529,177.249,0.14,0.0,0.0,-1.726,84.803
2026-02-22 18:12:22 CST,2026-02-23T00:12:22Z,85.5,32.82,-97.354,670.182,177.249,0.206,0.0,0.0,-10.587,84.804
2026-02-22 18:12:37 CST,2026-02-23T00:12:37Z,85.75,32.82,-97.354,665.96,177.249,0.093,0.0,0.0,-15.138,84.805
2026-02-22 18:12:52 CST,2026-02-23T00:12:52Z,86.0,32.82,-97.354,661.11,177.249,0.132,0.0,0.0,-18.145,84.805
2026-02-22 18:13:07 CST,2026-02-23T00:13:07Z,86.25,32.82,-97.354,660.001,177.249,0.009,0.0,0.0,-11.918,84.805
2026-02-22 18:13:22 CST,2026-02-23T00:13:22Z,86.5,32.82,-97.354,659.68,177.249,0.009,0.0,0.0,-2.859,84.805
2026-02-22 18:13:37 CST,2026-02-23T00:13:37Z,86.75,32.82,-97.354,659.428,177.249,0.009,0.0,0.0,-1.146,84.805
2026-02-22 18:13:52 CST,2026-02-23T00:13:52Z,87.0,32.82,-97.354,659.392,177.249,0.109,0.0,0.0,-0.577,84.806
2026-02-22 18:14:07 CST,2026-02-23T00:14:07Z,87.25,32.82,-97.354,660.812,177.249,0.126,0.0,0.0,2.768,84.807
2026-02-22 18:14:22 CST,2026-02-23T00:14:22Z,87.5,32.82,-97.354,660.821,177.249,0.066,0.0,0.0,2.858,84.807
2026-02-22 18:14:37 CST,2026-02-23T00:14:37Z,87.75,32.82,-97.354,662.86,177.249,0.091,0.0,0.0,4.095,84.807
2026-02-22 18:14:52 CST,2026-02-23T00:14:52Z,88.0,32.82,-97.354,662.213,177.249,0.023,0.0,0.0,2.785,84.807
2026-02-22 18:15:07 CST,2026-02-23T00:15:07Z,88.25,32.82,-97.354,662.283,177.249,0.02,0.0,0.0,-1.153,84.808
2026-02-22 18:15:22 CST,2026-02-23T00:15:22Z,88.5,32.82,-97.354,662.489,177.249,0.017,0.0,0.0,0.551,84.808
2026-02-22 18:15:37 CST,2026-02-23T00:15:37Z,88.75,32.82,-97.354,662.844,177.249,0.015,0.0,0.0,1.123,84.808
2026-02-22 18:15:52 CST,2026-02-23T00:15:52Z,89.0,32.82,-97.354,664.129,177.249,0.181,0.0,0.0,3.279,84.808
2026-02-22 18:16:07 CST,2026-02-23T00:16:07Z,89.25,32.82,-97.354,670.958,177.249,0.235,0.0,0.0,16.228,84.809
2026-02-22 18:16:22 CST,2026-02-23T00:16:22Z,89.5,32.82,-97.354,667.869,177.249,0.581,0.0,0.0,7.482,84.81
2026-02-22 18:16:37 CST,2026-02-23T00:16:37Z,89.75,32.82,-97.354,670.989,177.249,0.738,0.0,0.0,0.061,84.813
2026-02-22 18:16:52 CST,2026-02-23T00:16:52Z,90.0,32.82,-97.354,677.718,177.249,0.587,0.0,0.0,19.698,84.816
2026-02-22 18:17:07 CST,2026-02-23T00:17:07Z,90.25,32.82,-97.354,677.663,177.249,0.235,0.0,0.0,13.349,84.818
2026-02-22 18:17:22 CST,2026-02-23T00:17:22Z,90.5,32.82,-97.354,676.24,177.249,0.049,0.0,0.0,-2.956,84.819
2026-02-22 18:17:37 CST,2026-02-23T00:17:37Z,90.75,32.82,-97.354,675.411,177.249,0.023,0.0,0.0,-4.506,84.819
2026-02-22 18:17:52 CST,2026-02-23T00:17:52Z,91.0,32.82,-97.354,674.641,177.249,0.022,0.0,0.0,-3.198,84.819
2026-02-22 18:18:07 CST,2026-02-23T00:18:07Z,91.25,32.82,-97.354,674.478,177.249,0.021,0.0,0.0,-1.866,84.819
2026-02-22 18:18:22 CST,2026-02-23T00:18:22Z,91.5,32.82,-97.354,674.448,177.249,0.019,0.0,0.0,-0.387,84.819
2026-02-22 18:18:37 CST,2026-02-23T00:18:37Z,91.75,32.82,-97.354,674.153,146.337,0.768,0.0,0.0,-0.649,84.819
2026-02-22 18:18:52 CST,2026-02-23T00:18:52Z,92.0,32.82,-97.354,679.821,47.767,0.241,0.0,0.0,10.747,84.823
2026-02-22 18:19:07 CST,2026-02-23T00:19:07Z,92.25,32.82,-97.354,673.957,47.767,0.232,0.0,0.0,-0.393,84.825
2026-02-22 18:19:22 CST,2026-02-23T00:19:22Z,92.5,32.82,-97.354,668.164,47.767,0.368,0.0,0.0,-23.314,84.826
2026-02-22 18:19:37 CST,2026-02-23T00:19:37Z,92.75,32.82,-97.354,670.934,74.87,2.688,0.0,0.0,-6.047,84.83
2026-02-22 18:19:52 CST,2026-02-23T00:19:52Z,93.0,32.82,-97.354,667.789,53.964,2.845,0.0,0.0,-0.751,84.842
2026-02-22 18:20:07 CST,2026-02-23T00:20:07Z,93.25,32.82,-97.354,675.448,52.532,2.826,0.0,0.0,9.029,84.854
2026-02-22 18:20:15 CST,2026-02-23T00:20:15Z,93.383,32.82,-97.353,680.843,53.198,2.807,0.0,0.0,26.353,84.861
